{"cameraMode":{"drawMode":0,"name":"Shaded","section":"Shading Mode"},"sceneLighting":false,"audioPlay":false,"sceneViewState":{"showFog":true,"showMaterialUpdate":true,"showSkybox":false,"showFlares":true,"showImageEffects":true,"showParticleSystems":true},"in2DMode":false,"pivot":{"x":-0.3231160640716553,"y":0.0006179213523864746,"z":-0.5477104187011719},"rotation":{"x":-0.038505177944898608,"y":0.9487330317497253,"z":-0.1277371346950531,"w":-0.2866280674934387},"size":1.0697892904281617,"orthographic":false}