{"cameraMode":{"drawMode":0,"name":"Shaded","section":"Shading Mode"},"sceneLighting":false,"audioPlay":false,"sceneViewState":{"showFog":true,"showMaterialUpdate":true,"showSkybox":false,"showFlares":true,"showImageEffects":true,"showParticleSystems":true},"in2DMode":false,"pivot":{"x":41.69723129272461,"y":3.2161617279052736,"z":22.86297035217285},"rotation":{"x":0.0032461299560964109,"y":0.2753055989742279,"z":-0.0006908606737852097,"w":0.9615468382835388},"size":5.745300769805908,"orthographic":false}