{"cameraMode":{"drawMode":0,"name":"Shaded","section":"Shading Mode"},"sceneLighting":false,"audioPlay":false,"sceneViewState":{"showFog":true,"showMaterialUpdate":true,"showSkybox":false,"showFlares":true,"showImageEffects":true,"showParticleSystems":true},"in2DMode":false,"pivot":{"x":719.9691772460938,"y":79.76751708984375,"z":664.5089111328125},"rotation":{"x":0.11003642529249191,"y":0.7575368881225586,"z":-0.13214416801929475,"w":0.6298105120658875},"size":2.0273149013519289,"orthographic":false}